Account-Number,Account-Description,Region,Volume-ID,Volume-Status,Volume-Size,Volume-Type,Tag-Name,Tag-Value
357044226454,EC2,us-east-2,vol-051acfb2ab4258f8a,in-use,8,gp2,ClusterName,thisisatest
357044226454,EC2,us-east-2,vol-008e1e74e737de963,in-use,125,gp3,ClusterName,thisisatest
357044226454,EC2,us-east-2,vol-0af8d6ca5d6560aba,in-use,125,gp3,ClusterName,thisisatest
357044226454,EC2,us-east-1,vol-017005666de8ced9b,in-use,125,sc1,ClusterName,testingForNow
357044226454,EC2,us-east-1,vol-06b43513187c01767,in-use,8,gp2,ClusterName,testingForNow
357044226454,EC2,us-east-1,vol-0a3d4e5756ebe29ac,in-use,125,sc1,ClusterName,testingForNow
357044226454,EC2,us-east-1,vol-0f72174dd4a43a7f0,in-use,125,sc1,ClusterName,testingForNow
357044226454,EC2,us-east-1,vol-03eac0f824c6ae560,in-use,8,gp2,ClusterName,testingForNow
357044226454,EC2,us-east-1,vol-0f0a220ab17783be5,in-use,125,sc1,ClusterName,testingForNow
357044226454,EC2,us-west-2,vol-0b377084c05479df9,in-use,125,gp3,LaunchRun,6c564c65-3290-4e46-b6a4-45aabb8318c0
357044226454,EC2,us-west-2,vol-047129e7e1786e2c3,in-use,125,gp3,LaunchRun,6c564c65-3290-4e46-b6a4-45aabb8318c0
357044226454,EC2,us-west-2,vol-0d042a260ad2da2b8,in-use,125,gp3,LaunchRun,6c564c65-3290-4e46-b6a4-45aabb8318c0
357044226454,EC2,us-west-2,vol-0385f285f441e638c,in-use,125,gp3,LaunchRun,6c564c65-3290-4e46-b6a4-45aabb8318c0
357044226454,EC2,us-west-2,vol-090b8a5d27a9b3dd3,in-use,125,gp3,LaunchRun,6c564c65-3290-4e46-b6a4-45aabb8318c0
357044226454,EC2,us-west-2,vol-02c0a81d8cf9f847c,in-use,8,gp2,LaunchRun,6c564c65-3290-4e46-b6a4-45aabb8318c0
357044226454,EC2,us-west-2,vol-012e783d9f3020786,in-use,125,gp3,LaunchRun,6c564c65-3290-4e46-b6a4-45aabb8318c0
357044226454,EC2,us-west-2,vol-0e2b50f400eb1b30c,in-use,8,gp2,LaunchRun,6c564c65-3290-4e46-b6a4-45aabb8318c0
357044226454,EC2,us-east-2,vol-06c3bdffbade3190f,in-use,8,gp2,LaunchRun,db3d0c85-3e31-41fe-aacf-ae8e9727bd89
357044226454,EC2,us-east-2,vol-0201c2e30faff07d9,in-use,125,gp3,LaunchRun,db3d0c85-3e31-41fe-aacf-ae8e9727bd89
357044226454,EC2,us-east-2,vol-08fbccfa408e7f76e,in-use,8,gp2,LaunchRun,db3d0c85-3e31-41fe-aacf-ae8e9727bd89
357044226454,EC2,us-east-2,vol-0409b3d3823820928,in-use,125,gp3,LaunchRun,db3d0c85-3e31-41fe-aacf-ae8e9727bd89
357044226454,EC2,us-east-2,vol-087540298fda84e5d,in-use,125,gp3,LaunchRun,db3d0c85-3e31-41fe-aacf-ae8e9727bd89
357044226454,EC2,us-east-2,vol-0f4b1f40996c8e747,in-use,125,gp3,LaunchRun,db3d0c85-3e31-41fe-aacf-ae8e9727bd89
357044226454,EC2,us-east-2,vol-051acfb2ab4258f8a,in-use,8,gp2,LaunchRun,9407c576-947b-49ff-9c4a-4547a092928d
357044226454,EC2,us-east-2,vol-008e1e74e737de963,in-use,125,gp3,LaunchRun,9407c576-947b-49ff-9c4a-4547a092928d
357044226454,EC2,us-east-2,vol-0af8d6ca5d6560aba,in-use,125,gp3,LaunchRun,9407c576-947b-49ff-9c4a-4547a092928d
357044226454,EC2,us-east-1,vol-055568625d78cdbd0,in-use,8,gp2,LaunchRun,45ebd3c2-216d-4592-ae37-3af0bbfa4830
357044226454,EC2,us-east-1,vol-026ab86d6b0464785,in-use,125,gp3,LaunchRun,45ebd3c2-216d-4592-ae37-3af0bbfa4830
357044226454,EC2,us-east-1,vol-053fd9fc819da052e,in-use,125,gp3,LaunchRun,45ebd3c2-216d-4592-ae37-3af0bbfa4830
357044226454,EC2,us-east-1,vol-0eab2bd887dc769b1,in-use,125,gp3,LaunchRun,45ebd3c2-216d-4592-ae37-3af0bbfa4830
357044226454,EC2,us-east-1,vol-016a5a15454c3e751,in-use,125,gp3,LaunchRun,45ebd3c2-216d-4592-ae37-3af0bbfa4830
357044226454,EC2,us-east-1,vol-03bdb8df9c7f65ee1,in-use,8,gp2,LaunchRun,45ebd3c2-216d-4592-ae37-3af0bbfa4830
357044226454,EC2,us-east-1,vol-017005666de8ced9b,in-use,125,sc1,LaunchRun,6482a419-7cb8-43f8-ac27-7e232d27cfb6
357044226454,EC2,us-east-1,vol-06b43513187c01767,in-use,8,gp2,LaunchRun,6482a419-7cb8-43f8-ac27-7e232d27cfb6
357044226454,EC2,us-east-1,vol-0a3d4e5756ebe29ac,in-use,125,sc1,LaunchRun,6482a419-7cb8-43f8-ac27-7e232d27cfb6
357044226454,EC2,us-east-1,vol-0f72174dd4a43a7f0,in-use,125,sc1,LaunchRun,6482a419-7cb8-43f8-ac27-7e232d27cfb6
357044226454,EC2,us-east-1,vol-03eac0f824c6ae560,in-use,8,gp2,LaunchRun,6482a419-7cb8-43f8-ac27-7e232d27cfb6
357044226454,EC2,us-east-1,vol-0f0a220ab17783be5,in-use,125,sc1,LaunchRun,6482a419-7cb8-43f8-ac27-7e232d27cfb6
357044226454,EC2,eu-west-1,vol-0d8ebc61afab69f4d,in-use,125,gp3,LaunchRun,7c95e404-2b7d-4ddd-a766-c987de69d39d
357044226454,EC2,eu-west-1,vol-0516887424296881e,in-use,8,gp2,LaunchRun,7c95e404-2b7d-4ddd-a766-c987de69d39d
357044226454,EC2,eu-west-1,vol-0523c1acbe0d6f40d,in-use,125,gp3,LaunchRun,7c95e404-2b7d-4ddd-a766-c987de69d39d
357044226454,EC2,eu-west-1,vol-0c7938121a72a8f5b,in-use,125,gp3,LaunchRun,7c95e404-2b7d-4ddd-a766-c987de69d39d
357044226454,EC2,eu-west-1,vol-00086194bad4f7fa1,in-use,8,gp2,LaunchRun,7c95e404-2b7d-4ddd-a766-c987de69d39d
357044226454,EC2,eu-west-1,vol-04953b10031400a65,in-use,125,gp3,LaunchRun,7c95e404-2b7d-4ddd-a766-c987de69d39d
